Bug ID · Title,Category · Severity,Module / Screen,Steps to Reproduce,Expected Behavior,Actual Behavior,Evidence,Browser + OS · Viewport,Reproducibility · Date,Notes / Hypothesis
"BUG-001 · Bottom links do nothing (Contact Us, Privacy, Support, etc.)",Functional · P2 ,Bottom footer + Home help boxes,"1. Log in. 2. Scroll to bottom. 3. Click Contact Us, Privacy, Support Home, Community, View Plans.","Each link should open its page, like in real Docusign.",Clicking those buttons/links produce no response and no link is opened.,BUG-001_footer_links-unresponsive,Chrome 152.0.7977.84 / macOS 26.2.2 · 1280×960,5/5 Attempts · 14-Sep-2026,"Links are not connected, may be all has # values."
BUG-002 · Add Recipients: Contact icon does nothing in Name field,Functional · P2 ,Get Signatures → Add Recipients,"1. Log in. 2. From Home, click Get Signatures. 3. Under Add Recipients. 4. Click the contact icon inside the Name field.","Clicking the contact icon should open the contact search/selection option, consistent with the original DocuSign.",Clicking the contact icon produces no visible response and no contact search/selection option is displayed., BUG-002_unresponsive_contact_icon,Chrome 152.0.7977.84 / macOS 26.2.2 · 1280×960,5/5 Attempts · 14-Sep-2026,The contact-selection functionality associated with the icon may not be implemented or may not be triggering.
BUG-003 · Add Recipients: Set signing order is enabled with one recipient,UI / Functional · P3 ,Get Signatures → Add Recipients,"1. Log in. 2. From Home, click Get Signatures. 3. Under Add Recipients. 4. Observe the Set signing order when only one recipient is present.","Set signing order should be disabled when only one recipient is present, as in the original DocuSign.",Set signing order is displayed as an enabled/selectable option even when only one recipient is present.,BUG-003_signing-order-enabled-one-recipient.png,Chrome 152.0.7977.84 / macOS 26.2.2 · 1280×960,5/5 Attempts · 14-Sep-2026,The enabled state may not be updated based on the number of recipients.
BUG-004 · Add Recipients: In Person Signer option is disabled,Functional · P2 ,Get Signatures → Add Recipients,"1. Log in. 2. From Home, click Get Signatures. 3. Under Add Recipients. 4. Open the recipient type dropdown currently showing Needs to Sign. 5. Click In Person Signer.","In Person Signer should be available for selection. Selecting it should add Host Name and Host Email fields for the in-person signer workflow, consistent with the original DocuSign.",In Person Signer is displayed as disabled/greyed out in the recipient type dropdown. Clicking it does not select the option or display the Host Name and Host Email fields.,BUG-004_add-recipients_in-person-signer-disabled,Chrome 152.0.7977.84 / macOS 26.2.2 · 1280×960,5/5 Attempts · 14-Sep-2026,The In Person Signer recipient type may not be implemented or may be incorrectly disabled.
BUG-005 · Add Recipients: Recipient customization options are disabled,Functional · P1,Get Signatures → Add Recipients → Customize,"1. Log in. 2. From Home, click Get Signatures. 3. Under Add Recipients. 4. Click Customize.","Recipient customization options such as Add access code, Add private message, and Advanced settings should be available, consistent with the original DocuSign.","Add access code, Add private message, and Advanced settings are displayed as greyed out and cannot be selected.",BUG-005_add-recipients_customize-options-disabled,Chrome 152.0.7977.84 / macOS 26.2.2 · 1280×960,5/5 Attempts · 14-Sep-2026,Recipient customization options may be incorrectly disabled in the clone.
BUG-006 · Add Recipients: Invalid email accepted and allows progression,"Functional / Validation · P0      
",Get Signatures → Add Recipients,"1. Log in. 2. From Home, click Get Signatures. 3. Upload a document. 4. In Add Recipients, enter a recipient name. 5. Enter an invalid email address (e.g., ""aafd""). 6. Click Next: Add Fields.","The system should validate the recipient email address and prevent progression when an invalid email is entered, consistent with the original DocuSign.",The clone accepts the invalid email address and proceeds directly to the Add Fields screen without displaying an email validation error.,BUG-006_add-recipients_invalid-email-accepted,Chrome 152.0.7977.84 / macOS 26.2.2 · 1280×960,5/5 Attempts · 15-Sep-2026,Email format validation may be missing or may only be performed at a later stage.
BUG-007 · Edit Recipients: Save button does not save changes,Functional · P0,Add Fields → Edit Recipients,1. Log in. 2. Create an envelope and proceed to Add Fields. 3. Open Edit Recipients. 4. Modify any recipient information. 5. Click Save.,"Clicking Save should save the modified recipient information and close the Edit Recipients dialog, consistent with the original DocuSign.",Clicking Save produces no response. The Edit Recipients dialog remains open and the changes are not saved.,BUG-007_edit-recipients_save-button-unresponsive,Chrome 152.0.7977.84 / macOS 26.2.2 · 1280×960,5/5 Attempts · 15-Sep-2026,The Save action may not be triggering the recipient update operation.
BUG-008 · Templates: Advanced Search missing owner and recipient filters,Functional · P2 ,Templates → My Templates → Advanced Search,1. Log in. 2. Under Templates 3. My Templates 4. Click dropdown Advanced Search,"Advanced Search should provide Template name, Template ID, Owner name and email, and Recipient name and email filters, consistent with the original DocuSign.",The clone's Advanced Search provides only Template name and Template ID. Owner name and email and Recipient name and email filters are unavailable.,BUG-008_templates_advanced-search-filters-missing,Chrome 152.0.7977.84 / macOS 26.2.2 · 1280×960,5/5 Attempts · 15-Sep-2026,Advanced Search may have incomplete filter functionality in the clone.
BUG-009 · Create Template: Save Changes dialog leaves required Template name empty,Functional / UI · P4,Start → Envelope Templates → Create a Template,1. Log in. 2. Click Start 3. Under templates -> Envelope Templates. 4. Click Create Template. 5. Click the X/close icon to exit the template.,"The Template name field should be prepopulated with a default template name, as in the original DocuSign, allowing the user to save the current progress without first entering a name.",The Template name field is empty and marked required. The Save button is disabled until the user manually enters a template name.,BUG-009_clone-save-dialog-empty-name,Chrome 152.0.7977.84 / macOS 26.2.2 · 1280×960,5/5 Attempts · 15-Sep-2026,Original DocuSign automatically generates a default template name in this dialog. Clone does not provide a default value.
BUG-010 · Top menu Reports and Admin cannot be clicked,Functional · P2 ,"Top menu (Home, Agreements, Templates, Reports, Admin)",1. Log in. 2. In top menu 3. Try to click Reports and Admin,"All menu items should open a page, like in real Docusign. If not ready, they should be hidden.
","Reports and Admin look faded and do nothing when clicked.	
",BUG-010_menu_reports-admin-faded,Chrome 152.0.7977.84 / macOS 26.2.2 · 1280×960,5/5 Attempts · 15-Sep-2026,These buttons are left disabled in code.
"BUG-011 · Tasks and Help icons on top cannot be clicked
",Functional · P2,"Top right header (Tasks bell, Help ? icon)
",1. Log in. 2. Navigate to top right header. 3. Try clicking Tasks bell and help icon.,"They should open Tasks and Help, like in real Docusign","Both are faded and do nothing. Help still shows a red dot, which is confusing.
",BUG-011_header_tasks-help-disabled,Chrome 152.0.7977.84 / macOS 26.2.2 · 1280×960,5/5 Attempts · 15-Sep-2026,Buttons are switched off in code. Red dot should be removed if Help is off.
BUG-012 · Same email can be added twice and the file is sent,"Functional / Validation · P1	
",Get Signatures → Add Recipients → Manage (Sent),"1. Log in. 2. From Home, click Get Signatures. 3. Under Add Recipients. 4. Add two recipients with same email. 3. Click Next: Add Fields","System should block the same email twice, like real Docusign. It should show 'duplicate email' error.",It allows to add same email twice without giving any warning or error.,BUG-012_send_duplicate-email-twice,Chrome 152.0.7977.84 / macOS 26.2.2 · 1280×960,5/5 Attempts · 15-Sep-2026,Email format validation may be missing and no check for same emails.
BUG-013 · Home – Start button size differs from original,UI / Pixel Fidelity · P3 ,Home / Dashboard,"1. Log in to clone. 2. From home, observe start button 3. Now open original and compare corresponding start button",The Start button should have the same visual dimensions and appearance as the corresponding button in the original DocuSign.,The Start button in the clone has a visibly different size compared with the original.,BUG-013_home_start-button-size-mismatch.mov,Chrome 152.0.7977.84 / macOS 26.2.2 · 1280×960,5/5 attempts · 28-Sep-2026,Minor UI/pixel-fidelity difference. DevTools measurements were used to verify the size difference.
BUG-014 · Home – Primary action buttons differ from original,UI / Functional Fidelity · P2,Home / Dashboard,"1. Log in to clone. 2. From home, observe primary action buttons 3. Now open original and compare corresponding buttons","The clone should provide the same primary Home actions as the original, with corresponding actions and labels.","The original Home screen provides Start, Create Envelope Template, Sign Document, and Get Signatures, while the clone provides Start, Send with AI, Sign a Document, and Get Signatures. The primary action set therefore differs between the two screens.",BUG-014_home-primary-actions-mismatch.mov,Chrome 152.0.7977.84 / macOS 26.2.2 · 1280×960,5/5 attempts · 28-Sep-2026,"The corresponding features are available elsewhere in the clone, but the primary actions presented on the Home screen differ from the original."
BUG-015 · Start > Envelopes submenu contains an extra “Send with AI” option,UI / Functional Fidelity · P3,Home / Start → Envelopes,"1. Log in clone. 2. From home, click start button. 3. Click 'Envelopes'. 4. Repeat same in original. 5. Compare submenu options",The Envelopes submenu should contain the same actions as the original DocuSign reference.,The clone's Envelopes submenu contains an additional “Send with AI” option that is not present in the original.,BUG-015_envelopes-submenu-extra-send-with-ai.mov,Chrome 152.0.7977.84 / macOS 26.2.2 · 1280×960,5/5 attempts · 28-Sep-2026,"“Send with AI” is available as a separate primary action in the clone and is also exposed inside the Envelopes submenu, resulting in an additional menu option compared with the original."
BUG-016 · Envelope Templates submenu has incorrect container size,UI / Pixel Fidelity · P3,Home → Start → Envelope Templates,1.Log in to both original and clone. 2. Click start 3. Open envelope templates. 4. Compare submenu dimensions and spacing,"The submenu container should closely match the original in width, height, spacing, and overall layout.","The clone displays the same two menu options, but the submenu container has a noticeably different size, including excessive unused vertical space compared with the original.",BUG-016_envelope-templates-submenu-container-size.mov,Chrome 152.0.7977.84 / macOS 26.2.2 · 1280×960,5/5 attempts · 28-Sep-2026,"The submenu content is functionally present, but its container dimensions and internal spacing do not match the original DocuSign layout."
BUG-017 · DocuSign logo has incorrect left-side spacing,UI / Pixel Fidelity · P2,Global Header / Home,1.Log in to both original and clone. 2. Open the home screen. 3. Observe the DocuSign logo in the top-left corner. 4. Compare the logo's distance from the left edge of the header.,The DocuSign logo should have the same left-side spacing and positioning as the original.,"The clone's DocuSign logo is positioned closer to the left edge, resulting in less left-side spacing than the original.",BUG-017_header-logo-left-spacing..mov,Chrome 152.0.7977.84 / macOS 26.2.2 · 1280×960,5/5 attempts · 29-Sep-2026,"P2 is reasonable if the difference is clearly visible rather than just 1–2 px, because the header is part of the primary/global UI."
BUG-018 · Help notification badge has incorrect positioning,UI / Pixel Fidelity · P4,Global Header / Home,"1.Log in to both original and clone. 2. In home, locate the Help (?) icon in the top-right header. 3. Observe the position of the red notification dot relative to the Help icon. 4. Compare the badge positioning.",The red notification badge should be positioned consistently with the original DocuSign Help icon.,"In the clone, the red notification badge is positioned closer to the Help icon than in the original.",BUG-018_help-badge-position.mov,Chrome 152.0.7977.84 / macOS 26.2.2 · 1280×960,5/5 attempts · 29-Sep-2026,"The Help icon and notification badge are present in both versions, but the badge has a different relative position from the icon."
BUG-019 · Upgrade banner displays different heading and description,UI / Content Fidelity · P3,Home / Upgrade banner,"1.Log in to both original and clone. 2. In home, scroll down and locate upgrade banner. 3. Compare heading and description.",The upgrade banner should match the original in its displayed heading and descriptive text.,"The clone displays “Ready to upgrade?” with different descriptive text, while the original displays “Ready to save more time?” with different wording.",BUG-019_upgrade-banner-text-mismatch.mov,Chrome 152.0.7977.84 / macOS 26.2.2 · 1280×960,5/5 attempts · 29-Sep-2026,"The banner serves the same general purpose, but its heading and supporting text do not match the original reference."
BUG-020 · Upgrade banner View Plans link does not respond,Functional · P2,Home / Upgrade banner,"1.Log in. 2. In home, scroll down and locate upgrade banner. 3. Click view plan.","Clicking View Plans should open the available plans/pricing page or the corresponding plans view, as it does in the original.",Clicking View Plans in the clone produces no response and does not navigate to a plans/pricing view.,BUG-020_view-plans-no-response.mov,Chrome 152.0.7977.84 / macOS 26.2.2 · 1280×960,5/5 attempts · 29-Sep-2026,"The link is visually presented as an actionable View Plans link, but no navigation or visible response occurs when clicked."
BUG-021 · “View Our Guide” link does not respond,Functional · P2,Home / Getting Started guide banner,"1.Log in. 2. In home, scroll down and locate the “Need help getting started?” banner. 3. Click “View Our Guide”.",Clicking View Our Guide should open the corresponding help/getting-started guide.,Clicking View Our Guide produces no response and does not navigate to a guide or help page.,BUG-021_view-our-guide-no-response.mov,Chrome 152.0.7977.84 / macOS 26.2.2 · 1280×960,5/5 attempts · 29-Sep-2026,"The link is displayed as an actionable navigation element, but clicking it produces no visible response."
BUG-022 · “Join our Product Experience Research Panel” link does not respond,Functional · P3,Home / Footer,"1.Log in. 2. In home, scroll down and locate a grey container. 3. Click ""Join our Product Experience Research Panel"".",Clicking the research panel link should open the corresponding information/sign-up page.,Clicking the “Join our Product Experience Research Panel” link produces no response and does not navigate to another page.,BUG-022_research-panel-link-no-response.mov,Chrome 152.0.7977.84 / macOS 26.2.2 · 1280×960,5/5 attempts · 29-Sep-2026,"The text is styled and presented as an actionable link, but clicking it produces no visible response."
BUG-023 · Footer Container support links do not respond,Functional · P2,Home / Footer,"1.Log in. 2. In home, scroll down and locate a grey container. 3. Click those 3 support links.","Each footer link should open its corresponding support, community, or trust-center destination.","Clicking Support Home, Community, or Trust Center produces no response and does not navigate to another page.",BUG-023_footer-support-links-no-response.mov,Chrome 152.0.7977.84 / macOS 26.2.2 · 1280×960,5/5 attempts · 29-Sep-2026,All three footer items are presented as actionable links but do not respond to clicks in the clone.
BUG-024 · Footer language selector does not respond,Functional · P2,Home / Footer,"1.Log in. 2. In home, scroll down and locate footer. 3. Click 'English(US)' language selector","Clicking the language selector should open the available language options, as in the original.",The language selector in the clone does not respond and no language options are displayed.,BUG-024_footer-language-selector-no-response.mov,Chrome 152.0.7977.84 / macOS 26.2.2 · 1280×960,5/5 attempts · 29-Sep-2026,The selector is displayed as an interactive control but does not open any language options.
BUG-025 · Footer copyright text has incorrect alignment,UI / Pixel Fidelity · P3,Home / Footer,"1.Log in. 2. In home, scroll down and locate footer.",The copyright text should be positioned and aligned consistently with the original footer layout.,"The clone places the copyright text at the far right of the footer, whereas the original positions it alongside the footer links within the same left-aligned content area.",BUG-025_footer-copyright-alignment.png,Chrome 152.0.7977.84 / macOS 26.2.2 · 1280×960,5/5 attempts · 29-Sep-2026,Noticeable footer layout/alignment difference compared with the original.
BUG-026 · Footer links have incorrect horizontal spacing,UI / Pixel Fidelity · P4,Home / Footer,"1.Log in. 2. In home, scroll down and locate footer.",Footer links should have spacing consistent with the original layout.,"The spacing between the footer links in the clone differs from the original, resulting in a noticeably different footer layout.",BUG-026_footer-link-spacing.png,Chrome 152.0.7977.84 / macOS 26.2.2 · 1280×960,5/5 attempts · 29-Sep-2026,"The individual links are present, but their horizontal spacing does not match the reference layout."
BUG-027 · Footer container has incorrect padding,UI / Pixel Fidelity · P4,Home / Footer,"1.Log in. 2. In home, scroll down and locate footer.","Footer content should have consistent padding from the container edges, matching the original layout.","The clone uses different overall padding, resulting in different distances between the footer content and the container edges.",BUG-027_footer-container-padding.png,Chrome 152.0.7977.84 / macOS 26.2.2 · 1280×960,5/5 attempts · 29-Sep-2026,This concerns the footer's outer spacing rather than the spacing between individual links.
BUG-028 · Extra separator appears before Contact Us in footer,UI / Pixel Fidelity · P4,Home / Footer,"1.Log in. 2. In home, scroll down and locate footer.","The footer should match the original layout, where Contact Us appears without a separator immediately before it.",The clone displays a separator immediatley before Contact Us.,BUG-028_footer-extra-separator-before-contact-us.png,Chrome 152.0.7977.84 / macOS 26.2.2 · 1280×960,5/5 attempts · 29-Sep-2026,Visible difference in footer separator placement compared with the original.
BUG-029 · Footer separators have incorrect color/contrast,UI / Pixel Fidelity · P4,Home / Footer,"1.Log in. 2. In home, scroll down and locate footer. 3. Observe the vertical separators between the footer links.",The separators should have the same visual color/contrast as the original footer.,The separators in the clone appear noticeably darker than those in the original.,BUG-029_footer-separator-color-mismatch.png,Chrome 152.0.7977.84 / macOS 26.2.2 · 1280×960,5/5 attempts · 29-Sep-2026,Pixel-level visual difference observed when comparing the same footer area.
BUG-030 · Missing separator before Trust link in footer,UI / Pixel Fidelity · P3,Home / Footer,"1.Log in. 2. In home, scroll down and locate footer. 3. Observe the vertical separators between the footer links.","A separator should appear before the Trust link, consistent with the original footer layout.",The separator before Trust is missing in the clone.,BUG-030_footer-missing-separator-before-trust.png,Chrome 152.0.7977.84 / macOS 26.2.2 · 1280×960,5/5 attempts · 29-Sep-2026,Footer separator is present in the original but absent in the clone.
BUG-031 · Send with AI button does not respond when clicked,Functional · P2,Home / Send with AI,1. Log in. 2. Navigate to home. 3. Click Send with AI.,Clicking Send with AI should open or initiate the corresponding Send with AI workflow.,Clicking Send with AI produces no visible response and does not navigate to or open the Send with AI workflow.,BUG-031_send-with-ai-button-no-response.mov,Chrome 152.0.7977.84 / macOS 26.2.2 · 1280×960,5/5 attempts · 29-Sep-2026,"Button is visible on the Home screen, but clicking it does not trigger any observable action."
"BUG-032 · Help, Advanced Options and View Plans controls do not respond in Get Signatures",Functional · P2,Get Signatures / Envelope Setup,"1. Log in. 2. Navigate to home. 3. Click Get signatures. 4. In the envelope setup screen, click Help, Advanced Options, and View Plans in the top-right corner.","Each control should respond to a click and open its corresponding help, options, or plans interface.","The Help, Advanced Options, and View Plans controls do not respond when clicked.",BUG-032_get-signatures-top-right-controls-non-responsive.mov,Chrome 152.0.7977.84 / macOS 26.2.2 · 1280×960,5/5 attempts · 29-Sep-2026,Multiple visible controls on the Get Signatures screen are non-responsive.
BUG-033 · New navigation toggle does not enable in clone,Functional · P2,Agreements / Navigation,"1. Log in. 2. Open the agreements section. 3. Locate the New navigation toggle in the bottom-left sidebar. 4. Click the toggle to enable New navigation.
5. Observe the toggle and navigation.",Clicking the New navigation toggle should enable the new navigation experience and update the sidebar/navigation accordingly.,The toggle cannot be enabled in the clone; clicking it does not switch to the new navigation.,BUG-033_new-navigation-toggle-not-working.mov,Chrome 152.0.7977.84 / macOS 26.2.2 · 1280×960,5/5 attempts · 29-Sep-2026,"The original allows the navigation toggle to be enabled, while the corresponding toggle in the clone does not respond."
BUG-034 · Authentication Failed navigation does not respond when clicked,Functional · P2,Agreements / Left Navigation,"1. Log in. 2. Open agreements. 3. In the left navigation, click Authentication Failed.",Clicking Authentication Failed should open the corresponding agreement list/status view.,Clicking Authentication Failed does not produce any response or navigation.,BUG-034_authentication-failed-navigation-no-response.mov,Chrome 152.0.7977.84 / macOS 26.2.2 · 1280×960,5/5 attempts · 29-Sep-2026,"The navigation item is visible and appears available, but does not respond to clicks."
BUG-035 · Bulk Send navigation does not respond when clicked,Functional · P2,Agreements / Left Navigation,"1. Log in. 2. Open agreements. 3. In the left navigation, click bulk send",Clicking Bulk Send should open the Bulk Send workflow or corresponding page.,Clicking Bulk Send does not produce any response or navigation.,BUG-035_bulk-send-navigation-no-response.mov,Chrome 152.0.7977.84 / macOS 26.2.2 · 1280×960,5/5 attempts · 29-Sep-2026,The Bulk Send option is displayed in the navigation but is non-responsive.
BUG-036 · PowerForms navigation does not respond when clicked,Functional · P2,Agreements / Left Navigation,"1. Log in. 2. Open agreements. 3. In the left navigation, click powerforms",Clicking PowerForms should open the corresponding PowerForms page or workflow.,Clicking PowerForms does not produce any response or navigation.,BUG-036_powerforms-navigation-no-response.mov,Chrome 152.0.7977.84 / macOS 26.2.2 · 1280×960,5/5 attempts · 29-Sep-2026,PowerForms is presented as a navigation option but does not respond to interaction.
BUG-037 · Discarding an unsaved envelope redirects to Deleted instead of Inbox,Functional / Navigation · P2,Get Signatures / Discard Changes,1. Log in. 2. Click get signatures. 3. Click the X/close option to exit without saving. 4. Select Discard Changes. 5. Observe the page displayed after the discard.,"After discarding the unsaved envelope, the user should be returned to the Inbox/appropriate agreements list, as in the original DocuSign flow.",The clone successfully discards the envelope but redirects the user to the Deleted items list instead of the Inbox.,BUG-037_discard-envelope-redirects-to-deleted.mov,Chrome 152.0.7977.84 / macOS 26.2.2 · 1280×960,5/5 attempts · 29-Sep-2026,The envelope is removed successfully in both versions; the discrepancy is specifically the destination screen after discarding.
BUG-038 · Clear button is visible when no filters are applied,UI / Functional State · P3,"Agreements / Inbox, Sent and other agreement lists","1.Log in. 2. Open agreements. 3. In navigation bar. 4. Click inbox, sent and other available agreement list views. 5. Observe the search and filter controls without applying any filter or search.","The Clear button should not be displayed when no search or filter criteria are active, matching the original DocuSign behavior.",The clone displays a Clear button even when no search or filter has been applied.,BUG-038_clear-button-visible-without-filters.mov,Chrome 152.0.7977.84 / macOS 26.2.2 · 1280×960,5/5 attempts · 29-Sep-2026,The Clear control appears to be displayed by default rather than conditionally based on active search/filter criteria.
BUG-39 · Date filter options differ from original DocuSign,UI / Functional discrepancy · P2,Agreements → Inbox → Date filter,1. Log in. 2. Open agreements. 3. Click the Date filter. 4. Compare the date-filter options with original one.,The clone's Date filter should provide the same date-filter options and controls as the original DocuSign for the equivalent screen.,"The clone's Date filter has different options from the original. The original provides Last 12 Months, Last 6 Months, Last 30 Days, Last 7 Days, and Last 24 Hours, along with a comparison/operator dropdown. The clone instead includes All time, Last 12 months, Last 6 months, Last 30 days, Last week, Last 24 hours, and Custom, and uses Reset instead of the original Cancel button.",BUG-039_agreements_date-filter-options.mov,Chrome 152.0.7977.84 / macOS 26.2.2 · 1280×960,5/5 attempts · 29-Sep-2026,The clone's date-filter implementation does not match the corresponding original DocuSign filter. Verify whether the additional/different options are intentionally implemented before final submission.
BUG-040 · Status filter options differ from original DocuSign,UI / Functional discrepancy · P2,Agreements → Inbox → Status filter,1. Log in. 2. Open agreements. 3. Click the Status filter. 4. Compare the status-filter options with original one.,The clone's Status filter should provide the same status options and filter controls as the corresponding original DocuSign screen.,"The Status filter differs between the two. The original provides Completed, Correcting, Declined, In progress, and Voided. The clone provides All, In progress, Completed, Declined, and Voided. The filter action also differs: the original has Cancel, while the clone has Reset.",BUG-040_agreements_status-filter-options.mov,Chrome 152.0.7977.84 / macOS 26.2.2 · 1280×960,5/5 attempts · 29-Sep-2026,The Status filter implementation in the clone does not match the corresponding original filter. The clone includes an All option and omits Correcting.
BUG-041 · Sender filter options differ from original DocuSign,UI / Functional discrepancy · P2,Agreements → Inbox → Sender filter,1. Log in. 2. Open agreements. 3. Click the Sender filter. 4. Compare the sender-filter options with original one.,The clone should provide the same Sender filter options and default state as the corresponding original DocuSign screen.,"The original provides Sent by me and Sent to me. The clone additionally provides Sent by anyone, which is selected by default. The action button also differs: the original shows Cancel, while the clone shows Reset.",BUG-041_agreements_sender-filter-options.mov,Chrome 152.0.7977.84 / macOS 26.2.2 · 1280×960,5/5 attempts · 29-Sep-2026,The clone's Sender filter contains an additional Sent by anyone option and uses a different default/action state compared with the original.
BUG-042 · Advanced Search filter options differ from original DocuSign,UI / Functional discrepancy · P2,Agreements → Inbox → Advanced search,1. Log in. 2. Open agreements. 3. Click the Advanced search. 4. Compare the advanced search options with original one.,The clone should provide the same Advanced Search options and controls as the corresponding original DocuSign screen.,"The original displays a single option, Include envelope custom fields, along with Cancel and Apply. The clone displays two radio options: Exclude envelope custom fields and Include envelope custom fields, with Apply only.",BUG-042_agreements_advanced-search-options.mov,Chrome 152.0.7977.84 / macOS 26.2.2 · 1280×960,5/5 attempts · 29-Sep-2026,The clone's Advanced Search implementation contains an additional Exclude envelope custom fields option and does not provide the Cancel control shown in the original.
BUG-043 · Workflow Templates and Template Gallery navigation items are unresponsive,Functional · P2,Templates → Navigation sidebar,"1. Log in. 2. Open templates. 3. In the navigation bar, click workflow templates and template gallery.",Clicking Workflow Templates or Template Gallery should open the corresponding feature/page or provide the appropriate response.,Clicking Workflow Templates and Template Gallery produces no response; the navigation items remain on the same page.,BUG-043_templates_unresponsive-navigation.mov,Chrome 152.0.7977.84 / macOS 26.2.2 · 1280×960,5/5 attempts · 30-Sep-2026,Both navigation items are displayed in the sidebar with NEW badges but are not responsive when clicked.
BUG-044 · Advanced Search options differ from original DocuSign,UI / Functional discrepancy · P2,Templates → My Templates → Advanced search,"1. Log in. 2. Open templates. 3. In the navigation bar, click my templates. 4. Click advanced search",The clone should provide the same Advanced Search options as the corresponding original DocuSign screen.,"The original provides four options: Template name, Template ID, Owner name and email, and Recipient name and email. The clone provides only Template name and Template ID.",BUG-044_templates_advanced-search-options.mov,Chrome 152.0.7977.84 / macOS 26.2.2 · 1280×960,5/5 attempts · 30-Sep-2026,"The clone's Advanced Search has fewer filtering options than the original, with Owner name and email and Recipient name and email missing."
BUG-045 · Column customization options differ from original DocuSign,UI / Functional discrepancy · P2,Templates → My Templates → Column customization,"1. Log in. 2. Open templates. 3. In the navigation bar, click my templates. 4. Click the column customization icon in the top-right of the template list.",The clone should provide the same column customization options and controls as the corresponding original DocuSign screen.,"The original opens “Show or Hide Fields” with checkbox controls and includes Favorites, Name, Owner, Created Date, Last Change, and Folders. The clone opens “Customize columns” with toggle controls and provides a different set/order of columns, including Last Change, Favorites, Name, Owner, Folders, and Created Date.",BUG-045_templates_column-customization.mov,Chrome 152.0.7977.84 / macOS 26.2.2 · 1280×960,5/5 attempts · 30-Sep-2026,"The column customization component in the clone does not match the corresponding original in terminology, control type, and available/default column configuration."
